{"cameraMode":{"drawMode":0,"name":"Shaded","section":"Shading Mode"},"sceneLighting":false,"audioPlay":false,"sceneViewState":{"showFog":true,"showMaterialUpdate":false,"showSkybox":true,"showFlares":true,"showImageEffects":true,"showParticleSystems":true},"in2DMode":false,"pivot":{"x":-1.4537696838378907,"y":0.4766383171081543,"z":1.3962628841400147},"rotation":{"x":0.18058456480503083,"y":0.7743129730224609,"z":-0.2538577616214752,"w":0.5508039593696594},"size":2.8578836917877199,"orthographic":false}