{"cameraMode":{"drawMode":0,"name":"Shaded","section":"Shading Mode"},"sceneLighting":false,"audioPlay":false,"sceneViewState":{"showFog":true,"showMaterialUpdate":false,"showSkybox":true,"showFlares":true,"showImageEffects":true,"showParticleSystems":true},"in2DMode":false,"pivot":{"x":-0.6059211492538452,"y":1.6455078125,"z":-17.881732940673829},"rotation":{"x":-0.38392582535743716,"y":0.16402384638786317,"z":-0.06950435042381287,"w":-0.9060248136520386},"size":3.7578835487365724,"orthographic":false}