{"cameraMode":{"drawMode":0,"name":"Shaded","section":"Shading Mode"},"sceneLighting":false,"audioPlay":false,"sceneViewState":{"showFog":true,"showMaterialUpdate":false,"showSkybox":true,"showFlares":true,"showImageEffects":true,"showParticleSystems":true},"in2DMode":false,"pivot":{"x":4.70076847076416,"y":8.927204132080079,"z":-2.079226493835449},"rotation":{"x":-0.1394873559474945,"y":-0.8607903122901917,"z":0.3615432679653168,"w":-0.33090946078300478},"size":37.60239028930664,"orthographic":false}