{"cameraMode":{"drawMode":0,"name":"Shaded","section":"Shading Mode"},"sceneLighting":false,"audioPlay":false,"sceneViewState":{"showFog":true,"showMaterialUpdate":false,"showSkybox":true,"showFlares":true,"showImageEffects":true,"showParticleSystems":true},"in2DMode":false,"pivot":{"x":2.0171024799346926,"y":0.4217047691345215,"z":-1.465186357498169},"rotation":{"x":0.051880184561014178,"y":-0.9481276869773865,"z":0.22480830550193788,"w":0.21879011392593385},"size":5.113087177276611,"orthographic":false}