{"cameraMode":{"drawMode":0,"name":"Shaded","section":"Shading Mode"},"sceneLighting":false,"audioPlay":false,"sceneViewState":{"showFog":true,"showMaterialUpdate":false,"showSkybox":true,"showFlares":true,"showImageEffects":true,"showParticleSystems":true},"in2DMode":false,"pivot":{"x":2.327589988708496,"y":1.7947144508361817,"z":-2.382946729660034},"rotation":{"x":0.5283798575401306,"y":0.08501143753528595,"z":-0.05329570546746254,"w":0.8431430459022522},"size":31.301048278808595,"orthographic":false}