{"cameraMode":{"drawMode":0,"name":"Shaded","section":"Shading Mode"},"sceneLighting":false,"audioPlay":false,"sceneViewState":{"showFog":true,"showMaterialUpdate":false,"showSkybox":true,"showFlares":true,"showImageEffects":true,"showParticleSystems":true},"in2DMode":false,"pivot":{"x":-0.8116774559020996,"y":1.5174510478973389,"z":-16.66427230834961},"rotation":{"x":0.15178708732128144,"y":0.5344670414924622,"z":-0.09825469553470612,"w":0.8256494402885437},"size":5.190552234649658,"orthographic":false}