{"cameraMode":{"drawMode":0,"name":"Shaded","section":"Shading Mode"},"sceneLighting":true,"audioPlay":false,"sceneViewState":{"showFog":true,"showMaterialUpdate":false,"showSkybox":true,"showFlares":true,"showImageEffects":true,"showParticleSystems":true},"in2DMode":false,"pivot":{"x":-5.282812118530273,"y":5.910133361816406,"z":-4.850517272949219},"rotation":{"x":-0.0669315829873085,"y":-0.9315075278282166,"z":0.27930325269699099,"w":-0.22323112189769746},"size":22.447067260742189,"orthographic":false}