{"cameraMode":{"drawMode":0,"name":"Shaded","section":"Shading Mode"},"sceneLighting":false,"audioPlay":false,"sceneViewState":{"showFog":true,"showMaterialUpdate":false,"showSkybox":true,"showFlares":true,"showImageEffects":true,"showParticleSystems":true},"in2DMode":false,"pivot":{"x":68.4263687133789,"y":8.927209854125977,"z":1.472049593925476},"rotation":{"x":-0.16385580599308015,"y":-0.8165894150733948,"z":0.2783704400062561,"w":-0.47904032468795779},"size":28.067590713500978,"orthographic":false}