{"cameraMode":{"drawMode":0,"name":"Shaded","section":"Shading Mode"},"sceneLighting":false,"audioPlay":false,"sceneViewState":{"showFog":true,"showMaterialUpdate":false,"showSkybox":true,"showFlares":true,"showImageEffects":true,"showParticleSystems":true},"in2DMode":false,"pivot":{"x":4.70076847076416,"y":8.927204132080079,"z":-2.079226493835449},"rotation":{"x":-0.1392851322889328,"y":-0.8543360233306885,"z":0.2898678481578827,"w":-0.40905553102493288},"size":23.220890045166017,"orthographic":false}