{"cameraMode":{"drawMode":0,"name":"Shaded","section":"Shading Mode"},"sceneLighting":false,"audioPlay":false,"sceneViewState":{"showFog":true,"showMaterialUpdate":false,"showSkybox":true,"showFlares":true,"showImageEffects":true,"showParticleSystems":true},"in2DMode":false,"pivot":{"x":7.5119781494140629,"y":-0.7363433837890625,"z":8.032672882080079},"rotation":{"x":0.014288261532783509,"y":0.7137205004692078,"z":-0.0145560996606946,"w":0.7001441717147827},"size":19.986896514892579,"orthographic":false}