{"cameraMode":{"drawMode":0,"name":"Shaded","section":"Shading Mode"},"sceneLighting":false,"audioPlay":false,"sceneViewState":{"showFog":true,"showMaterialUpdate":false,"showSkybox":true,"showFlares":true,"showImageEffects":true,"showParticleSystems":true},"in2DMode":false,"pivot":{"x":2.0171024799346926,"y":0.4217047691345215,"z":-1.465186357498169},"rotation":{"x":0.06620623171329498,"y":-0.9334966540336609,"z":0.2616804838180542,"w":0.23616448044776917},"size":5.113087177276611,"orthographic":false}