{"cameraMode":{"drawMode":0,"name":"Shaded","section":"Shading Mode"},"sceneLighting":false,"audioPlay":false,"sceneViewState":{"showFog":true,"showMaterialUpdate":false,"showSkybox":true,"showFlares":true,"showImageEffects":true,"showParticleSystems":true},"in2DMode":false,"pivot":{"x":0.16482257843017579,"y":3.837308645248413,"z":0.6055141687393189},"rotation":{"x":0.5283798575401306,"y":0.08501143753528595,"z":-0.05329570546746254,"w":0.8431430459022522},"size":21.219846725463868,"orthographic":false}