{"cameraMode":{"drawMode":0,"name":"Shaded","section":"Shading Mode"},"sceneLighting":false,"audioPlay":false,"sceneViewState":{"showFog":true,"showMaterialUpdate":false,"showSkybox":true,"showFlares":true,"showImageEffects":true,"showParticleSystems":true},"in2DMode":false,"pivot":{"x":5.596325397491455,"y":7.034897327423096,"z":-4.260004043579102},"rotation":{"x":0.5283798575401306,"y":0.08501143753528595,"z":-0.05329570546746254,"w":0.8431430459022522},"size":34.64447021484375,"orthographic":false}