{"cameraMode":{"drawMode":0,"name":"Shaded","section":"Shading Mode"},"sceneLighting":false,"audioPlay":false,"sceneViewState":{"showFog":true,"showMaterialUpdate":false,"showSkybox":true,"showFlares":true,"showImageEffects":true,"showParticleSystems":true},"in2DMode":false,"pivot":{"x":5.5963239669799809,"y":8.192936897277832,"z":-4.260000705718994},"rotation":{"x":0.5283798575401306,"y":0.08501143753528595,"z":-0.05329570546746254,"w":0.8431430459022522},"size":37.31324005126953,"orthographic":false}